source_id,rally_id,start_frame,end_frame
ff_bothell-seg3,ff_bothell-seg3-0001,203,604
ff_bothell-seg3,ff_bothell-seg3-0002,944,1014
ff_bothell-seg3,ff_bothell-seg3-0003,1241,1294
ff_bothell-seg3,ff_bothell-seg3-0004,1475,1585
ff_bothell-seg3,ff_bothell-seg3-0005,1838,2018
ff_bothell-seg3,ff_bothell-seg3-0006,2310,2431
ff_bothell-seg3,ff_bothell-seg3-0007,2644,2765
ff_bothell-seg3,ff_bothell-seg3-0008,3072,3150
ff_bothell-seg3,ff_bothell-seg3-0009,3333,3523
ff_bothell-seg3,ff_bothell-seg3-0010,3805,3976
ff_bothell-seg3,ff_bothell-seg3-0011,4468,4547
ff_bothell-seg3,ff_bothell-seg3-0012,4782,4852
ff_bothell-seg3,ff_bothell-seg3-0013,5110,5289
ff_bothell-seg3,ff_bothell-seg3-0014,5515,5706
ff_bothell-seg3,ff_bothell-seg3-0015,5971,6020
ff_bothell-seg3,ff_bothell-seg3-0016,6255,6408
ff_bothell-seg3,ff_bothell-seg3-0017,6631,6942
ff_bothell-seg3,ff_bothell-seg3-0018,7184,7314
ff_bothell-seg3,ff_bothell-seg3-0019,7526,7811
ff_bothell-seg3,ff_bothell-seg3-0020,8123,8261
ff_bothell-seg3,ff_bothell-seg3-0021,8613,8622
ff_bothell-seg3,ff_bothell-seg3-0022,8857,8926
ff_bothell-seg3,ff_bothell-seg3-0023,9294,9449
ff_bothell-seg3,ff_bothell-seg3-0024,9774,10063
ff_bothell-seg3,ff_bothell-seg3-0025,10315,10372
ff_bothell-seg3,ff_bothell-seg3-0026,10583,10858
ff_bothell-seg3,ff_bothell-seg3-0027,11116,11289
malaysia_max_30s_to_120s,malaysia_max_30s_to_120s-0001,154,221
malaysia_max_30s_to_120s,malaysia_max_30s_to_120s-0002,443,519
malaysia_max_30s_to_120s,malaysia_max_30s_to_120s-0003,764,866
malaysia_max_30s_to_120s,malaysia_max_30s_to_120s-0004,1099,1110
malaysia_max_30s_to_120s,malaysia_max_30s_to_120s-0005,1346,1358
malaysia_max_30s_to_120s,malaysia_max_30s_to_120s-0006,1657,1756
malaysia_max_30s_to_120s,malaysia_max_30s_to_120s-0007,1980,2129
malaysia_max_30s_to_120s,malaysia_max_30s_to_120s-0008,2341,2464
malaysia_max_390s_to_ends,malaysia_max_390s_to_ends-0001,236,399
malaysia_max_390s_to_ends,malaysia_max_390s_to_ends-0002,600,608
malaysia_max_390s_to_ends,malaysia_max_390s_to_ends-0003,846,1000
malaysia_max_390s_to_ends,malaysia_max_390s_to_ends-0004,1228,1471
malaysia_max_390s_to_ends,malaysia_max_390s_to_ends-0005,1791,1839
malaysia_max_390s_to_ends,malaysia_max_390s_to_ends-0006,2071,2141
malaysia_max_390s_to_ends,malaysia_max_390s_to_ends-0007,2367,2566
malaysia_max_390s_to_ends,malaysia_max_390s_to_ends-0008,2843,3081
malaysia_max_390s_to_ends,malaysia_max_390s_to_ends-0009,3309,3477
malaysia_max_390s_to_ends,malaysia_max_390s_to_ends-0010,3694,3933
malaysia_max_390s_to_ends,malaysia_max_390s_to_ends-0011,4343,4697
malaysia_max_390s_to_ends,malaysia_max_390s_to_ends-0012,4903,5025
malaysia_max_390s_to_ends,malaysia_max_390s_to_ends-0013,5308,5535
malaysia_max_390s_to_ends,malaysia_max_390s_to_ends-0014,5880,6042
malaysia_max_390s_to_ends,malaysia_max_390s_to_ends-0015,6294,6435
max_vs_lucas_6-19,max_vs_lucas_6-19-0001,220,505
max_vs_lucas_6-19,max_vs_lucas_6-19-0002,683,759
max_vs_lucas_6-19,max_vs_lucas_6-19-0003,1060,1184
max_vs_lucas_6-19,max_vs_lucas_6-19-0004,1392,1567
max_vs_lucas_6-19,max_vs_lucas_6-19-0005,1816,1904
max_vs_lucas_6-19,max_vs_lucas_6-19-0006,2212,2434
max_vs_lucas_6-19,max_vs_lucas_6-19-0007,2727,3013
max_vs_lucas_6-19,max_vs_lucas_6-19-0008,3194,3248
max_vs_lucas_6-19,max_vs_lucas_6-19-0009,3521,3614
max_vs_lucas_6-19,max_vs_lucas_6-19-0010,3811,4201
max_vs_lucas_6-19,max_vs_lucas_6-19-0011,4477,4605
max_vs_lucas_6-19,max_vs_lucas_6-19-0012,4869,5018
max_vs_lucas_6-19,max_vs_lucas_6-19-0013,5257,5399
max_vs_lucas_6-19,max_vs_lucas_6-19-0014,5610,6039
max_vs_lucas_6-19,max_vs_lucas_6-19-0015,6318,6736
max_vs_lucas_6-19,max_vs_lucas_6-19-0016,7219,7285
max_vs_lucas_6-19,max_vs_lucas_6-19-0017,7430,7559
max_vs_lucas_6-19,max_vs_lucas_6-19-0018,7836,8272
max_vs_lucas_6-19,max_vs_lucas_6-19-0019,8524,8718
max_vs_lucas_6-19,max_vs_lucas_6-19-0020,8909,8964
max_vs_lucas_6-19,max_vs_lucas_6-19-0021,9233,9279
max_vs_lucas_6-19,max_vs_lucas_6-19-0022,9522,9723
max_vs_lucas_6-19,max_vs_lucas_6-19-0023,9881,10024
max_vs_lucas_6-19,max_vs_lucas_6-19-0024,10353,10600
max_vs_lucas_6-19,max_vs_lucas_6-19-0025,10834,10974
max_vs_lucas_6-19,max_vs_lucas_6-19-0026,11238,11340
max_vs_lucas_6-19,max_vs_lucas_6-19-0027,11588,11848
max_vs_lucas_6-19,max_vs_lucas_6-19-0028,12097,12321
max_vs_lucas_6-19,max_vs_lucas_6-19-0029,12563,12827
max_vs_lucas_6-19,max_vs_lucas_6-19-0030,13073,13210
max_vs_lucas_6-19,max_vs_lucas_6-19-0031,13485,13670
max_vs_lucas_6-19,max_vs_lucas_6-19-0032,14248,14302
max_vs_lucas_6-19,max_vs_lucas_6-19-0033,14458,14525
max_vs_lucas_6-19,max_vs_lucas_6-19-0034,14734,14858
max_vs_lucas_6-19,max_vs_lucas_6-19-0035,15047,15145
max_vs_lucas_6-19,max_vs_lucas_6-19-0036,15413,15484
max_vs_lucas_6-19,max_vs_lucas_6-19-0037,15725,15877
max_vs_lucas_6-19,max_vs_lucas_6-19-0038,16052,16429
max_vs_lucas_6-19,max_vs_lucas_6-19-0039,16679,16913
max_vs_nik_120s_to_ends,max_vs_nik_120s_to_ends-0001,50,186
max_vs_nik_120s_to_ends,max_vs_nik_120s_to_ends-0002,436,511
max_vs_nik_120s_to_ends,max_vs_nik_120s_to_ends-0003,777,920
max_vs_nik_120s_to_ends,max_vs_nik_120s_to_ends-0004,1128,1346
max_vs_nik_120s_to_ends,max_vs_nik_120s_to_ends-0005,1609,1668
max_vs_nik_120s_to_ends,max_vs_nik_120s_to_ends-0006,1844,1971
max_vs_nik_120s_to_ends,max_vs_nik_120s_to_ends-0007,2184,2318
max_vs_nik_120s_to_ends,max_vs_nik_120s_to_ends-0008,2491,2784
max_vs_nik_120s_to_ends,max_vs_nik_120s_to_ends-0009,3070,3311
max_vs_nik_120s_to_ends,max_vs_nik_120s_to_ends-0010,3562,3661
max_vs_nik_120s_to_ends,max_vs_nik_120s_to_ends-0011,3974,4071
max_vs_nik_120s_to_ends,max_vs_nik_120s_to_ends-0012,4380,4390
max_vs_nik_120s_to_ends,max_vs_nik_120s_to_ends-0013,4598,4753
max_vs_nik_120s_to_ends,max_vs_nik_120s_to_ends-0014,5026,5113
max_vs_nik_120s_to_ends,max_vs_nik_120s_to_ends-0015,5359,5520
max_vs_nik_120s_to_ends,max_vs_nik_120s_to_ends-0016,5762,6081
max_vs_nik_120s_to_ends,max_vs_nik_120s_to_ends-0017,6289,6374
max_vs_nik_120s_to_ends,max_vs_nik_120s_to_ends-0018,6653,6926
max_vs_nik_120s_to_ends,max_vs_nik_120s_to_ends-0019,7206,7270
max_vs_nik_120s_to_ends,max_vs_nik_120s_to_ends-0020,7568,7812
max_vs_nik_120s_to_ends,max_vs_nik_120s_to_ends-0021,8159,8495
max_vs_nik_120s_to_ends,max_vs_nik_120s_to_ends-0022,8736,8952
max_vs_nik_120s_to_ends,max_vs_nik_120s_to_ends-0023,9326,9365
max_vs_nik_120s_to_ends,max_vs_nik_120s_to_ends-0024,9599,9648
max_vs_nik_120s_to_ends,max_vs_nik_120s_to_ends-0025,9883,10037
max_vs_nik_120s_to_ends,max_vs_nik_120s_to_ends-0026,10261,10380
max_vs_nik_120s_to_ends,max_vs_nik_120s_to_ends-0027,10673,10683
max_vs_nik_120s_to_ends,max_vs_nik_120s_to_ends-0028,10879,11016
max_vs_nik_120s_to_ends,max_vs_nik_120s_to_ends-0029,11264,11273
max_vs_nik_30s_to_120s,max_vs_nik_30s_to_120s-0001,0,52
max_vs_nik_30s_to_120s,max_vs_nik_30s_to_120s-0002,316,422
max_vs_nik_30s_to_120s,max_vs_nik_30s_to_120s-0003,633,715
max_vs_nik_30s_to_120s,max_vs_nik_30s_to_120s-0004,904,1043
max_vs_nik_30s_to_120s,max_vs_nik_30s_to_120s-0005,1250,1335
max_vs_nik_30s_to_120s,max_vs_nik_30s_to_120s-0006,1777,2058
max_vs_nik_30s_to_120s,max_vs_nik_30s_to_120s-0007,2312,2342
max_vs_nik_30s_to_120s,max_vs_nik_30s_to_120s-0008,2488,2578
